episodes,win rate,win rate easy,win rate medium,win rate hard
100000,0.52287,0.8695832139331996,0.5271407759132358,0.17245535572683732
100000,0.27166,0.5996115515649377,0.2003723088544758,0.028768991657943985
100000,0.26394,0.5858566561594549,0.1921707224950089,0.027627113267992515
