timestep,win rate,win rate easy,win rate medium,win rate hard
52,0.4965,0.8244897959183674,0.46520874751491054,0.20078740157480315
