episodes,win rate,win rate easy,win rate medium,win rate hard
0,0.481,0.8344594594594594,0.5,0.13354037267080746
