episodes,win rate,win rate easy,win rate medium,win rate hard
1000,0.503,0.8888888888888888,0.5065616797900262,0.14285714285714285
1000,0.268,0.6296296296296297,0.18635170603674542,0.031055900621118012
1000,0.525,0.898989898989899,0.5170603674540682,0.18944099378881987
