episodes,win rate,win rate easy,win rate medium,win rate hard
Self trained DQN against random agent,0.516,0.896551724137931,0.545,0.12258064516129032
Self trained DQN against rule based agent,0.286,0.6827586206896552,0.195,0.03225806451612903
Rule trained DQN against random agent,0.528,0.8551724137931035,0.565,0.17419354838709677
500Rule trained DQN against Rule based agent,0.27,0.6551724137931034,0.195,0.0064516129032258064
500Self trained DQN against Rule trained DQN,0.494,0.8551724137931035,0.48,0.17419354838709677
500Random agent against rule based agent,0.268,0.6206896551724138,0.205,0.01935483870967742
