episodes,win rate,win rate easy,win rate medium,win rate hard
0,0.59,0.8709677419354839,0.6444444444444445,0.125
