episodes,win rate,win rate easy,win rate medium,win rate hard
1000,0.503,0.8888888888888888,0.5065616797900262,0.14285714285714285
1000,0.268,0.6296296296296297,0.18635170603674542,0.031055900621118012
1000,0.525,0.898989898989899,0.5170603674540682,0.18944099378881987
1000,0.269,0.6363636363636364,0.2020997375328084,0.009316770186335404
1000,0.496,0.8484848484848485,0.49868766404199477,0.16770186335403728
1000,0.262,0.6262626262626263,0.17585301837270342,0.027950310559006212
