episodes,win rate,win rate easy,win rate medium,win rate hard
100000,0.52017,0.8651892890120036,0.5254411050558463,0.17026675547943032
100000,0.26536,0.5950584264654376,0.18993147358765444,0.025597107241412124
