episodes,reward
100000,0.26564
100000,-2.46224
100000,0.28874
100000,-2.59436
100000,-0.06248
100000,-2.49962
