episodes,win rate,win rate easy,win rate medium,win rate hard
100000,0.52287,0.8695832139331996,0.5271407759132358,0.17245535572683732
100000,0.27166,0.5996115515649377,0.2003723088544758,0.028768991657943985
100000,0.52261,0.870283694717738,0.527491501645713,0.1705205062327529
100000,0.26558,0.5978603496035916,0.187800140290293,0.026009452215561266
100000,0.49639,0.8454484669022829,0.5015647763448983,0.14257620452310718
100000,0.26454,0.5885312191549654,0.19244051151999136,0.02654867256637168
