episodes,reward
100000,0.26564
100000,-2.46224
